dataset,model,accuracy,precision,recall,f1,roc_auc,pr_auc
AI4I 2020,logistic_regression,0.8696741854636592,0.1891025641025641,0.8939393939393939,0.31216931216931215,0.9642537348602667,0.5706834651775574
AI4I 2020,random_forest_ctgan,0.9889724310776943,0.8793103448275862,0.7727272727272727,0.8225806451612904,0.9904763026847008,0.8959377986981713
AI4I 2020,hist_gradient_boosting_ctgan,0.9889724310776943,0.84375,0.8181818181818182,0.8307692307692308,0.9855750349529511,0.8775302111785667
AI4I 2020,xgboost_ctgan,0.9869674185463659,0.7777777777777778,0.8484848484848485,0.8115942028985508,0.988006032329516,0.8525884445036435
