dataset,model,accuracy,precision,recall,f1,roc_auc,pr_auc,tp,fp,tn,fn
AI4I 2020,alexnet1d_safe,0.9017543859649123,0.25190839694656486,1.0,0.4024390243902439,0.987825376627865,0.7252887369781827,66,196,1733,0
AI4I 2020,tabtransformer,0.9604010025062657,0.45112781954887216,0.9090909090909091,0.6030150753768845,0.9901974645365003,0.8508438988524831,60,73,1856,6
AI4I 2020,cnn_lstm_thr031,0.8926241846462619,0.22592592592592592,0.9242424242424242,0.3630952380952381,0.9694217735214102,0.6512619146781021,61,209,1718,5
