dataset,model,accuracy,precision,recall,f1,roc_auc,pr_auc,tp,fp,tn,fn
AI4I 2020,numpy_logistic_weighted,0.8601503759398497,0.1782477341389728,0.8939393939393939,0.29722921914357675,0.9541213063763608,0.5338425819585221,59,272,1657,7
AI4I 2020,numpy_gaussian_nb,0.9288220551378447,0.2625,0.6363636363636364,0.3716814159292035,0.9336129569411062,0.34061819697722207,42,118,1811,24
AI4I 2020,numpy_knn_k5,0.9769423558897243,0.7941176470588235,0.4090909090909091,0.54,0.8666760921815354,0.619938176427275,27,7,1922,39
