dataset,model,threshold,accuracy,precision,recall,f1,roc_auc,pr_auc,tp,fp,tn,fn
PHM 2010,xgboost_phm,0.5,0.8571428571428571,0.9767441860465116,0.4883720930232558,0.6511627906976745,0.8944856301411598,0.7719081530417291,42,1,228,44
PHM 2010,cnn1d_phm,0.5,0.2761904761904762,0.27388535031847133,1.0,0.43,0.995836295318371,0.9772207392111815,86,228,1,0
PHM 2010,rcnn_phm,0.5,0.9301587301587302,0.7962962962962963,1.0,0.8865979381443299,0.9753732101147558,0.9088661290212614,86,22,207,0
PHM 2010,transfer_ai4i_to_phm,0.5,0.580952380952381,0.3944954128440367,1.0,0.5657894736842105,0.9945668731593379,0.9723070097287463,86,132,97,0
